{
  "project_info": {
    "project_number": "979031721938",
    "firebase_url": "https://inulock-47776.firebaseio.com",
    "project_id": "inulock-47776",
    "storage_bucket": "inulock-47776.appspot.com"
  },
  "client": [
    {
      "client_info": {
        "mobilesdk_app_id": "1:979031721938:android:433456b9abd64f11",
        "android_client_info": {
          "package_name": "com.example.dkzl0.myapplication"
        }
      },
      "oauth_client": [
        {
          "client_id": "979031721938-u23b9sj75nels1lnb1jfc5h88pvmb1mi.apps.googleusercontent.com",
          "client_type": 3
        }
      ],
      "api_key": [
        {
          "current_key": "AIzaSyDRQhF-QuSti99YgSYJ75kxiudKtmnMbZg"
        }
      ],
      "services": {
        "analytics_service": {
          "status": 1
        },
        "appinvite_service": {
          "status": 1,
          "other_platform_oauth_client": []
        },
        "ads_service": {
          "status": 2
        }
      }
    }
  ],
  "configuration_version": "1"
}